K,silhouette,calinski_harabasz,davies_bouldin,inertia
2,0.17553008262978928,2.1237488132793887,0.3961756672424643,3.315433349464143
